direction_id,accuracy,recall,selection_rate
0,0.8161703696874711,0.3333333333333333,0.18381426508097476
1,0.9425713227121156,1.0,0.05746089533965881
